grupo_riesgo,tasa_promedio_modelo
1,127.926391
2,122.0
3,127.00000000000001
4,147.0
5,142.015396
6,147.0
7,137.0
8,139.893394
9,141.983633
10,143.925394
